Player_Number,Player_Name,Born,Apperances,Birth_Place,Birth_Country,Latitude,Longitude
1020,Tony Dorigo,31/12/1965,15,Melbourne,Australia,37.8136,144.9631
1111,Owen Hargreaves,20/01/1981,42,Calgary,Canada,51.0447,114.0719
1246,Fikayo Tomori,19/12/1997,5,Calgary,Canada,51.0447,114.0719
944,Terry Butcher,28/12/1958,77,Singapore,Singapore,1.3521,103.8198
960,Luther Blissett,01/02/1958,14,Falmouth,Jamaica,18.4928,77.6565
1190,Raheem Sterling,08/12/1994,82,Kingston,Jamaica,18.0179,76.8099
955,Cyrille Regis,09/02/1958,5,Maripasoula,French Guiana,3.6413,54.0289
907,Colin Viljoen,20/06/1948,2,Johannesburg,South Africa,26.2056,28.0337
975,Brian Stein,19/10/1957,1,Cape Town,South Africa,33.9221,18.4231
1237,Nathaniel Chalobah,12/12/1994,1,Freetown,Sierra Leone,8.4871,13.2355
1293,Trevoh Chalobah,05/07/1999,1,Freetown,Sierra Leone,8.4871,13.2355
1043,Nigel Martyn,11/08/1966,23,St Austell,England,50.3404,-4.7834
1194,Wilfried Zaha,10/11/1992,2,Abidjan,Ivory Coast,5.3252,4.0196
1268,Marc Guéhi,13/07/2000,25,Abidjan,Ivory Coast,5.3252,4.0196
1028,John  Salako,11/02/1969,5,Ibadan,Nigeria,7.3775,3.947
1152,Scott Carson,03/09/1985,4,Whitehaven,England,54.5497,-3.5892
1257,Dean Henderson,12/03/1997,3,Whitehaven,England,54.5497,-3.5892
1259,Ollie Watkins,30/12/1995,19,Torquay,England,50.4619,-3.5253
992,Paul Bracewell,19/07/1962,3,Heswall,England,53.3284,-3.0987
988,Peter Davenport,24/03/1961,1,Birkenhead,England,53.3881,-3.0299
921,Jimmy Rimmer,10/02/1948,1,Southport,England,53.6457,-3.0101
1177,Jack Rodwell,11/03/1991,3,Southport,England,53.6457,-3.0101
1038,Rob Jones,05/11/1971,8,Wrexham,Wales,53.043,2.9925
1072,Robbie Fowler,09/04/1975,26,Toxteth,England,53.3935,-2.9449
953,Tony Morley,26/08/1954,6,Ormskirk,England,53.5689,-2.8851
1157,Stephen Warnock,12/12/1981,2,Ormskirk,England,53.5689,-2.8851
1001,Steve McMahon,20/08/1961,17,Halewood,England,53.3706,-2.821
1099,Steven Gerrard,30/05/1980,114,Whiston,England,53.4181,-2.7917
1182,Martin Kelly,27/04/1990,1,Whiston,England,53.4181,-2.7917
1155,Joe Hart,19/04/1987,75,Shrewsbury,England,52.7073,-2.7564
1271,Jarrod Bowen,20/12/1996,17,Leominster,England,52.2257,-2.7428
1249,Conor Coady,23/02/1993,10,St Helens,England,53.4563,-2.7371
1176,Phil Jones,21/02/1992,27,Preston,England,53.7592,-2.7046
1262,Sam Johnstone,25/03/1993,4,Preston,England,53.7592,-2.7046
1191,Leon Osman,17/05/1981,2,Wigan,England,53.5451,-2.6325
936,Viv Anderson,29/07/1956,30,Clifton,England,51.4662,-2.62
1053,Matthew Le Tissier,14/10/1968,8,Saint Peter Port,Guernsey,49.4569,2.5375
1018,Nigel Winterburn,11/12/1963,2,Arley,England,53.3243,-2.4928
1119,David Dunn,27/12/1979,1,Great Harwood,England,53.7819,-2.4002
974,Mike Duxbury,01/09/1959,10,Accrington,England,53.7536,-2.3722
1064,Gary Neville,18/02/1975,85,Bury,England,53.5933,-2.2966
1076,Phil Neville,21/01/1977,59,Bury,England,53.5933,-2.2966
1222,Kieran Trippier,19/09/1990,54,Bury,England,53.5933,-2.2966
1277,Rico Lewis,21/11/2002,5,Bury,England,53.5933,-2.2966
1017,Mike Phelan,24/09/1962,1,Nelson,England,53.8352,-2.2194
1090,Wes Brown,13/10/1979,23,Longsight,England,53.4541,-2.2002
962,Mark Chamberlain,19/11/1961,8,Burslem,England,53.0457,-2.1967
1067,Stan Collymore,22/01/1971,3,Tittensor,England,52.9436,-2.1893
1055,Steve Bould,16/11/1962,2,Stoke-on-Trent,England,53.0033,-2.1827
1265,Aaron Ramsdale,14/05/1998,5,Stoke-on-Trent,England,53.0033,-2.1827
1081,Nicky Butt,21/01/1975,39,Gorton,England,53.4589,-2.1629
1019,David Platt,10/06/1966,62,Chadderton,England,53.5449,-2.1404
1132,Anthony Gardner,19/09/1980,1,Stafford,England,52.8068,-2.122
1283,Morgan Gibbs-White,27/01/2000,5,Stafford,England,52.8068,-2.122
1198,Fraser Forster,17/03/1988,6,Hexham,England,54.9727,-2.1121
1051,Graeme Le Saux,17/10/1968,36,St Helier Jersey,Jersey,49.1805,2.1032
913,Mike Doyle,25/11/1946,5,Ashton-under-Lyne,England,53.4872,-2.0974
1212,Eric Dier,15/01/1994,49,Cheltenham,England,51.8994,-2.0783
1015,Steve Bull,28/03/1965,13,Tipton,England,52.5263,-2.0661
1023,Lee Sharpe,27/05/1971,8,Halesowen,England,52.4498,-2.0505
1288,Morgan Rogers,26/07/2002,8,Halesown,England,52.4498,-2.0505
985,Trevor Steven,21/09/1963,36,Berwick-upon-Tweed,England,55.7702,-2.0054
1261,Ben White,08/10/1997,4,Poole,England,50.715,-1.9872
1010,Alan Smith,21/11/1962,13,Hollywood,England,52.3972,-1.881
948,Peter Ward,27/07/1955,1,Lichfield,England,52.6816,-1.8317
910,Trevor Cherry,23/02/1948,27,Huddersfield,England,53.6458,-1.785
1014,John Fashanu,18/09/1962,2,Huddersfield,England,53.6458,-1.785
1180,Fraizer Campbell,13/09/1987,1,Huddersfield,England,53.6458,-1.785
1154,Dean Ashton,24/11/1983,1,Swindon,England,51.5581,-1.7798
939,Kevin Reeves,20/10/1957,2,Burley,England,50.8265,-1.7015
1069,Jamie Redknapp,25/06/1973,17,Barton on Sea,England,50.7366,-1.6633
906,Dennis Tueart,27/11/1949,6,Newcastle upon Tyne,England,54.9783,-1.6178
909,Brian Little,25/11/1953,1,Newcastle upon Tyne,England,54.9783,-1.6178
1040,Alan Shearer,13/08/1970,63,Newcastle upon Tyne,England,54.9783,-1.6178
1054,Kevin Richardson,04/12/1962,1,Newcastle upon Tyne,England,54.9783,-1.6178
1130,Alan Thompson,22/12/1973,1,Newcastle upon Tyne,England,54.9783,-1.6178
995,Peter Beardsley,18/01/1961,59,Longbenton,England,55.0119,-1.5903
946,David Armstrong,26/12/1954,3,Durham,England,54.7753,-1.5849
1068,Colin Cooper,28/02/1967,2,Durham,England,54.7753,-1.5849
1049,Tim Flowers,03/02/1967,11,Kenilworth,England,52.3496,-1.5807
941,Bryan Robson,11/01/1957,90,Chester-le-Street,England,54.8591,-1.5741
987,Chris Waddle,14/12/1960,62,Felling,England,54.9497,-1.5692
945,Russell Osman,14/02/1959,11,Repton,England,52.8387,-1.5495
1026,David Batty,02/12/1968,42,Leeds,England,53.8008,-1.5491
1031,Brian Deane,07/02/1968,3,Leeds,England,53.8008,-1.5491
1143,Aaron Lennon,16/04/1987,21,Leeds,England,53.8008,-1.5491
1145,Micah Richards,24/06/1988,13,Leeds,England,53.8008,-1.5491
1160,James Milner,04/01/1986,61,Leeds,England,53.8008,-1.5491
1250,Kalvin Phillips,02/12/1995,31,Leeds,England,53.8008,-1.5491
1107,Michael Carrick,28/07/1981,34,Wallsend,England,54.9915,-1.5294
915,Ray Kennedy,28/07/1951,17,Seaton Delaval,England,55.0728,-1.5252
1146,Ben Foster,03/04/1983,7,Leamington Spa,England,52.2852,-1.5201
1225,Jordan Pickford,07/03/1994,78,Washington,England,54.8974,-1.5174
964,Gordon Cowans,27/10/1958,10,West Cornforth,England,54.6975,-1.5106
976,Alan Kennedy,31/08/1954,2,Penshaw,England,54.8757,-1.4833
919,Brian Greenhoff,28/04/1953,18,Barnsley,England,53.5526,-1.4797
1027,David Hirst,07/12/1967,3,Barnsley,England,53.5526,-1.4797
1202,John Stones,28/05/1994,83,Barnsley,England,53.5526,-1.4797
1109,Alan Smith,28/10/1980,19,Rothwell,England,53.7555,-1.4735
1168,Gary Cahill,19/12/1985,61,Dronfield,England,53.3033,-1.4727
1008,Mel Sterland,01/10/1961,1,Sheffield,England,53.3811,-1.4701
1178,Kyle Walker,28/05/1990,96,Sheffield,England,53.3811,-1.4701
1209,Jamie Vardy,11/01/1987,26,Sheffield,England,53.3811,-1.4701
1223,Harry Maguire,05/03/1993,64,Sheffield,England,53.3811,-1.4701
1254,Dominic Calvert-Lewin,16/03/1997,11,Sheffield,England,53.3811,-1.4701
1164,Michael Dawson,18/11/1983,4,Northallerton,England,54.3378,-1.431
1169,Kevin Davies,26/03/1977,1,Chesterfield,England,53.2335,-1.4238
1003,Gary Pallister,30/06/1965,22,Ramsgate,England,51.336,1.416
1002,Mick Harford,12/02/1959,2,Sunderland,England,54.9044,-1.3812
1013,Nigel Clough,19/03/1966,14,Sunderland,England,54.9044,-1.3812
1058,Steve Howey,26/10/1971,4,Sunderland,England,54.9044,-1.3812
1093,Michael Gray,03/08/1974,3,Sunderland,England,54.9044,-1.3812
1163,Adam Johnson,14/07/1987,12,Sunderland,England,54.9044,-1.3812
1170,Jordan Henderson,17/06/1990,85,Sunderland,England,54.9044,-1.3812
1144,Chris Kirkland,02/05/1981,1,Barwell,England,52.56802,-1.346074
978,Terry Fenwick,17/11/1959,20,Seaham,England,54.8403,-1.3375
1011,Brian Marwood,05/02/1960,1,Seaham,England,54.8403,-1.3375
1098,Steve Guppy,29/03/1969,1,Winchester,England,51.0598,-1.3101
1211,Danny Ings,23/07/1992,3,Winchester,England,51.0598,-1.3101
935,Tony Woodcock,06/12/1955,42,Eastwood,England,53.0181,-1.3084
1110,Danny Mills,18/05/1977,19,Norwich,England,52.6286,1.2928
942,Garry Birtles,27/07/1956,3,Long Eaton,England,52.8986,-1.2714
901,Dave Thomas,05/10/1950,8,Kirkby-in-Ashfield,England,53.101,-1.2696
1050,Stuart Ripley,20/11/1967,2,Middlesbrough,England,54.5742,-1.235
1134,Stewart Downing,22/07/1984,35,Middlesbrough,England,54.5742,-1.235
1173,Matt Jarvis,22/05/1986,1,Middlesbrough,England,54.5742,-1.235
947,Alan Sunderland,01/07/1953,1,Conisbrough,England,53.4806,-1.2263
969,Mark Barham,12/07/1962,2,Folkestone,England,51.0792,1.1794
1095,Jonathan Woodgate,22/01/1980,8,Nunthorpe,England,54.5268,-1.1688
977,Mark Wright,01/08/1963,45,Dorchester on Thames,England,51.6437,-1.1644
929,Brian Talbot,21/07/1953,6,Ipswich,England,52.0597,1.1481
986,Gary Bailey,09/08/1958,2,Ipswich,England,52.0597,1.1481
1096,Kieron Dyer,29/12/1978,33,Ipswich,England,52.0597,1.1481
1101,Richard Wright,05/11/1977,2,Ipswich,England,52.0597,1.1481
931,Trevor Whymark,04/05/1950,1,Burston,England,52.4049,1.1415
950,Graham Rix,23/10/1957,17,Doncaster,England,53.5228,-1.1323
1213,Danny Rose,02/07/1990,29,Doncaster,England,53.5228,-1.1323
1000,Neil Webb,30/07/1963,26,Reading,England,51.4551,-0.9787
1230,Dominic Solanke,14/09/1997,3,Reading,England,51.4551,-0.9787
1210,Dele Alli,11/04/1996,37,Milton Keynes,England,52.0406,-0.7594
1235,Ben Chilwell,21/12/1996,21,Milton Keynes,England,52.0406,-0.7594
916,Peter Taylor,03/01/1953,4,Rochford,England,51.5821,0.7065
911,Phil Neal,20/02/1951,50,Irchester,England,52.2784,-0.6555
1240,Alex McCarthy,03/12/1989,1,Guildford,England,51.2362,-0.5704
1100,Gareth Barry,23/02/1981,53,Hastings,England,50.854259,0.573453
1140,Rob Green,18/01/1980,12,Chertsey,England,51.3865,-0.5095
973,Nigel Spink,08/08/1958,1,Chelmsford,England,51.736099,0.4798
1135,Andrew Johnson,10/02/1981,8,Bedford,England,52.1387,-0.4668
922,Ray Wilkins,14/09/1956,84,Hillingdon,England,51.5352,-0.4481
984,Gary Stevens,30/03/1962,7,Hillingdon,England,51.5352,-0.4481
989,Gary Stevens,27/03/1963,46,Barrow-in-Furness,England,54.108967,-3.218894
1121,Paul Robinson,15/10/1979,41,Beverley,England,53.842,-0.4351
956,Paul Goddard,12/10/1959,1,Harlington,England,51.4873,-0.4347
923,Gordon Hill,01/04/1954,6,Sunbury-on-Thames,England,51.4192,-0.4192
951,Alvin Martin,29/07/1958,17,Walton,England,51.3885,-0.417
920,Stuart Pearson,21/06/1949,15,Cottingham,England,53.7821,-0.414
1199,Adam Lallana,10/05/1988,34,St Albans,England,51.7509,-0.3398
1234,Nick Pope,14/04/1992,10,Soham,England,52.3352,0.3375
1062,Nicky Barmby,11/02/1974,23,Hull,England,53.7675,-0.3273
1142,Theo Walcott,16/03/1989,47,Stanmore,England,51.6177,-0.3115
966,John Barnes,07/11/1963,79,Kingston,Jamaica,51.4123,0.3007
1201,Luke Shaw,12/07/1995,34,Kingston upon Thames,England,51.4123,-0.3007
1241,Declan Rice,14/01/1999,68,Kingston upon Thames,England,51.4123,-0.3007
1269,Tyrick Mitchell,01/09/1999,2,Brent,England,51.5597,-0.271
1266,Conor Gallagher,06/02/2000,22,Epsom,England,51.3351,-0.2637
943,Alan Devonshire,13/04/1956,8,Park Royal,England,51.5279,-0.2618
1033,Paul Merson,20/03/1968,21,Harlesden,England,51.5371,-0.2427
1150,David Bentley,27/08/1984,7,Peterborough,England,52.5703,-0.2408
1016,Dave Beasant,20/03/1959,2,Willesden,England,51.5467,-0.2369
999,Stuart Pearce,24/04/1962,78,Shepherd's Bush,England,51.5052,-0.2247
1080,David James,01/08/1970,53,Welwyn Garden City,England,51.8034,-0.2056
1059,Neil Ruddock,09/05/1968,1,Wandsworth,England,51.4584,-0.1891
1242,Callum Hudson-Odoi,07/11/2000,3,Wandsworth,England,51.4584,-0.1891
968,Steve Williams,12/07/1958,6,Romford,England,51.5768,0.1801
998,Tony Adams,10/10/1966,66,Romford,England,51.5768,0.1801
1089,Ray Parlour,07/03/1973,10,Romford,England,51.5768,0.1801
1097,Frank Lampard,20/06/1978,106,Romford,England,51.5768,0.1801
1149,Nicky Shorey,19/02/1981,2,Romford,England,51.5768,0.1801
1188,Jonjo Shelvey,27/02/1992,6,Romford,England,51.5768,0.1801
1108,Joe Cole,08/11/1981,56,Paddington,England,51.516,-0.1749
904,Alan Hudson,21/06/1951,2,Chelsea,England,51.4869,-0.17
1141,Darren Bent,06/02/1984,13,Tooting,England,51.4282,-0.1669
917,Dave Clement,02/02/1948,5,Battersea,England,51.4722,-0.1653
993,Chris Woods,14/11/1959,43,Swineshead,England,52.9468,-0.1606
1238,Lewis Dunk,21/11/1991,6,Brighton,England,50.8229,-0.1363
938,Laurie Cunningham,08/03/1956,6,Archway,England,51.5649,-0.1324
1205,Calum Chambers,20/01/1995,3,Petersfield,England,51.005,-0.9338
1206,Nathaniel Clyne,05/04/1991,14,Stockwell,England,51.476,-0.1263
1126,Matthew Upson,18/04/1979,21,Eye,England,52.319605,1.146209
1009,Michael Thomas,24/08/1967,2,Lambeth,England,51.4935,-0.1178
1035,Andy Gray,22/02/1964,1,Lambeth,England,51.4935,-0.1178
1103,Chris Powell,08/09/1969,5,Lambeth,England,51.4935,-0.1178
1129,Scott Parker,13/10/1980,18,Lambeth,England,51.4935,-0.1178
1165,Kieran Gibbs,26/09/1989,10,Lambeth,England,51.4935,-0.1178
1252,Ainsley Maitland-Niles,29/08/1997,5,Goodmayes,England,51.5662,0.1103
937,Kenny Sansom,26/09/1958,86,Camberwell,England,51.4741,-0.093
1083,Rio Ferdinand,07/11/1978,81,Camberwell,England,51.4741,-0.093
1227,Tammy Abraham,02/10/1997,11,Camberwell,England,51.4741,-0.093
1236,Jadon Sancho,25/03/2000,23,Camberwell,England,51.4741,-0.093
1138,Luke Young,19/07/1979,7,Harlow,England,51.7678,0.0878
1193,Carl Jenkinson,08/02/1992,1,Harlow,England,51.7678,0.0878
1187,Ryan Bertrand,05/08/1989,19,Southwark,England,51.5028,-0.0877
971,Paul Walsh,01/10/1962,5,Plumstead,England,51.4874,0.0865
1044,Paul Ince,21/10/1967,53,Ilford,England,51.56,0.07
1061,Warren Barton,19/03/1969,3,Stoke Newington,England,51.5612,-0.0822482
1186,Jake Livermore,14/11/1989,7,Enfield,England,51.6523,-0.0807
1208,Ryan Mason,13/06/1991,1,Enfield,England,51.6523,-0.0807
1122,Paul Konchesky,15/05/1981,2,Barking,England,51.54,0.08
1127,John Terry,07/12/1980,78,Barking,England,51.54,0.08
1131,Jermain Defoe,07/10/1982,57,Beckton,England,51.512024,0.06296
1166,Bobby Zamora,16/01/1981,2,Barking,England,51.54,0.08
1185,John Ruddy,24/10/1986,1,St Ives,England,52.3325,-0.0764
1022,Ian Wright,03/11/1963,33,Woolwich,England,51.4895,0.0676
1112,Trevor Sinclair,02/03/1973,12,Dulwich,England,51.4433,-0.0676
1005,Des Walker,26/11/1965,59,Hackney,England,51.5436,-0.0554
1077,Ugo Ehiogu,03/11/1972,4,Hackney,England,51.5436,-0.0554
1255,Reece James,08/12/1999,21,Redbridge,England,51.5748,0.0508
983,Clive Allen,20/05/1961,5,Stepney,England,51.519,-0.0427
1106,Ashley Cole,20/12/1980,107,Stepney,England,51.519,-0.0427
1074,Sol Campbell,18/09/1974,73,Plaistow,England,51.5268,0.0308
1117,Ledley King,12/10/1980,21,Bow,England,51.5321,-0.0308
1032,Gary Charles,13/04/1970,2,Newham,England,51.5167,0.0333
1279,Ezri Konsa,23/10/1997,14,Newham,England,51.5167,0.0333
997,Tony Cottee,11/07/1965,7,Forest Gate,England,51.5439,0.0264
1118,Lee Bowyer,03/01/1977,1,Canning Town,England,51.5189,0.0132
1012,Paul Parker,04/04/1964,19,West Ham,England,51.538,0.0125
1057,Rob Lee,01/02/1966,21,West Ham,England,51.538,0.0125
994,Danny Wallace,21/01/1964,1,Greenwich,England,51.4934,0.0098
1128,Glen Johnson,23/08/1984,54,Greenwich,England,51.4934,0.0098
1133,Shaun Wright-Phillips,25/10/1981,36,Greenwich,England,51.4934,0.0098
1136,Kieran Richardson,21/10/1984,8,Greenwich,England,51.4934,0.0098
1175,Chris Smalling,22/11/1989,31,Greenwich,England,51.4934,0.0098
1273,Eberechi Eze,29/06/1998,13,Greenwich,England,51.4934,0.0098
1292,Myles Lewis-Skelly,26/09/2006,4,Denmark Hill,England,51.4757,-0.0824
1078,David Beckham,02/05/1975,115,Leytonstone,England,51.565,0.0088
1197,Andros Townsend,16/07/1991,13,Leytonstone,England,51.565,0.0088
1207,Harry Kane,28/07/1993,109,Leytonstone,England,51.565,0.0088
1004,David Rocastle,02/05/1967,14,Lewisham,England,51.4612,0.0073
1226,Ruben Loftus-Cheek,23/01/1996,10,Lewisham,England,51.4612,0.0073
1275,Eddie Nketiah,30/05/1998,1,Lewisham,England,51.4612,0.0073
1048,Teddy Sheringham,04/04/1966,51,Highams Park,England,51.6084,0.0015
1228,Joe Gomez,23/05/1997,15,Catford,England,51.4452,-0.0207
1267,Kyle Walker-Peters,13/04/1997,2,Edmonton,England,51.6154,-0.0708
1284,Angel Gomes,31/08/2000,4,Edmonton,England,51.6154,-0.0708
925,Charlie George,10/10/1950,1,Islington,England,51.544,-0.1027
1172,Jay Bothroyd,05/05/1982,1,Islington,England,51.544,-0.1027
1264,Emile Smith Rowe,28/07/2000,3,Thornton Heath,England,51.4002,-0.1086
1159,Carlton Cole,12/11/1983,7,Croydon,England,51.3727,-0.1099
1289,Tino Livramento,12/11/2002,3,Croydon,England,51.3727,-0.1099
1229,Jack Cork,25/06/1989,1,Carshalton,England,51.3652,-0.1676
1024,Dennis Wise,16/12/1966,21,Kensington,England,51.5,-0.19
1295,Djed Spence,09/08/2000,1,Kensington,England,51.5,-0.19
1285,Noni Madueke,10/03/2002,9,Barnet,England,51.65,-0.2
1153,Ashley Young,09/07/1985,39,Stevenage,England,51.9017,-0.2019
1167,Jack Wilshere,01/01/1992,34,Stevenage,England,51.9017,-0.2019
903,Ian Gillard,09/10/1950,3,Hammersmith,England,51.4928,-0.2229
958,Ricky Hill,05/03/1959,3,Hammersmith,England,51.4928,-0.2229
1047,Les Ferdinand,08/12/1966,17,Acton,England,51.5135,-0.2707
1088,Tim Sherwood,06/02/1969,3,Borehamwood,England,51.6578,-0.2722
1091,Kevin Phillips,25/07/1973,8,Hitchin,England,51.947,-0.283
957,Steve Perryman,21/12/1951,1,Ealing,England,51.5175,-0.2988
1253,Bukayo Saka,05/09/2001,44,Ealing,England,51.5175,-0.2988
1071,Gareth Southgate,03/09/1970,57,Watford,England,51.655,-0.3957
1075,Ian Walker,31/10/1971,4,Watford,England,51.655,-0.3957
1189,Steven Caulker,29/12/1991,1,Feltham,England,51.4496,-0.4089
991,Kerry Dixon,24/07/1961,8,Luton,England,51.8783,-0.4147
1270,James Justin,23/02/1998,1,Luton,England,51.8783,-0.4147
940,Glenn Hoddle,27/10/1957,53,Hayes,England,51.5127,-0.4211
1224,Harry Winks,02/02/1996,10,Hemel Hempstead,England,51.7526,-0.4692
1287,Lewis Hall,08/09/2004,2,Slough,England,51.5084,-0.5881
1263,Patrick Bamford,05/09/1993,1,Grantham,England,52.918,-0.638
970,John Gregory,11/05/1954,6,Scunthorpe,England,53.5809,-0.6502
1272,Ivan Toney,16/03/1996,7,Northampton,England,52.2304,-0.8938
1232,Lewis Cook,03/02/1997,1,York,England,53.96,-1.08
1260,Ben Godfrey,18/01/1998,2,York,England,53.96,-1.08
954,Steve Foster,24/09/1957,3,Portsmouth,England,50.8058,-1.0872
1181,Alex Oxlade-Chamberlain,15/08/1993,35,Portsmouth,England,50.8058,-1.0872
1221,James Ward-Prowse,01/11/1994,11,Portsmouth,England,50.8058,-1.0872
1243,Mason Mount,10/01/1999,36,Portsmouth,England,50.8058,-1.0872
1184,Tom Cleverley,12/08/1989,13,Basingstoke,England,51.2667,-1.0876
967,Danny Thomas,12/11/1961,2,Worksop,England,53.3042,-1.1244
979,Gary  Lineker,30/11/1960,80,Leicester,England,52.6344,-1.1319
1085,Dion Dublin,22/04/1969,4,Leicester,England,52.6344,-1.1319
1094,Emile Heskey,11/01/1978,62,Leicester,England,52.6344,-1.1319
914,Phil Boyer,25/01/1949,1,Nottingham,England,52.9561,-1.1512
996,Steve Hodge,25/10/1962,24,Nottingham,England,52.9561,-1.1512
1063,Andrew Cole,15/10/1971,15,Nottingham,England,52.9561,-1.1512
1084,Chris Sutton,10/03/1973,1,Nottingham,England,52.9561,-1.1512
1123,Jermaine Jenas,18/02/1983,21,Nottingham,England,52.9561,-1.1512
1161,Tom Huddlestone,28/12/1986,4,Nottingham,England,52.9561,-1.1512
1039,Martin Keown,24/07/1966,43,Oxford,England,51.75,-1.25
1007,David Seaman,19/09/1963,75,Rotherham,England,53.43,-1.357
902,Steve Whitworth,20/03/1952,7,Coalville,England,52.724,-1.369
965,Graham Roberts,03/07/1959,6,Southampton,England,50.9025,-1.4042
1052,Darren Anderton,03/03/1972,30,Southampton,England,50.9025,-1.4042
1114,Wayne Bridge,05/08/1980,36,Southampton,England,50.9025,-1.4042
1274,Levi Colwill,26/02/2003,5,Southampton,England,50.9025,-1.4042
972,Nick Pickering,04/08/1963,1,South Shields,England,54.995,-1.43
1294,Elliot Anderson,06/11/2002,2,Whitley Bay,England,55.0456,-1.4443
981,Mark Hateley,07/11/1961,32,Derby,England,52.9247,-1.478
1239,Callum Wilson,27/02/1992,9,Coventry,England,52.4081,-1.5106
1245,James Maddison,23/11/1996,7,Coventry,England,52.4081,-1.5106
1291,Dan Burn,09/05/1992,3,Blyth,England,55.126,-1.514
1065,John Scales,04/07/1966,3,Harrogate,England,53.9919,-1.5378
949,Eric Gates,28/06/1955,2,Ferryhill,England,54.6833,-1.55
1036,Andy Sinton,19/03/1966,12,Cramlington,England,55.082,-1.585
1006,Paul Gascoigne,27/05/1967,57,Gateshead,England,54.9556,-1.6
1070,Steve Stone,20/08/1971,9,Gateshead,England,54.9556,-1.6
1171,Andy Carroll,06/01/1989,9,Gateshead,England,54.9556,-1.6
1204,Fabian  Delph,21/11/1989,20,Bradford,England,53.8,-1.75
1248,Mason Greenwood,01/10/2001,1,Bradford,England,53.8,-1.75
1087,Lee Hendrie,18/05/1977,1,Solihull,England,52.413,-1.778
1137,Zat Knight,02/05/1980,2,Solihull,England,52.413,-1.778
1056,Barry Venison,16/08/1964,2,Consett,England,54.85,-1.83
933,Bob Latchford,18/01/1951,12,Birmingham,England,52.48,-1.9025
980,Steve Hunt,04/08/1956,2,Birmingham,England,52.48,-1.9025
1030,Mark Walters,02/06/1964,1,Birmingham,England,52.48,-1.9025
1037,Tony Daley,18/10/1967,7,Birmingham,England,52.48,-1.9025
1102,Seth Johnson,12/03/1979,1,Birmingham,England,52.48,-1.9025
1115,Michael Ricketts,04/12/1978,1,Birmingham,England,52.48,-1.9025
1116,Darius Vassell,13/06/1980,22,Birmingham,England,52.48,-1.9025
1151,Joleon Lescott,16/08/1982,26,Birmingham,England,52.48,-1.9025
1158,Gabriel Agbonlahor,13/10/1986,3,Birmingham,England,52.48,-1.9025
1179,Daniel Sturridge,01/09/1989,26,Birmingham,England,52.48,-1.9025
1220,Nathan Redmond,06/03/1994,1,Birmingham,England,52.48,-1.9025
1251,Jack Grealish,10/09/1995,39,Birmingham,England,52.48,-1.9025
1041,Carlton Palmer,05/12/1965,18,Rowley Regis,England,52.488,-2.05
1139,Peter Crouch,30/01/1981,42,Macclesfield,England,53.25,-2.13
963,Derek Statham,24/03/1959,3,Wolverhampton,England,52.5833,-2.1333
1258,Jude Bellingham,29/06/2003,44,Stourbridge,England,52.4575,-2.1479
1219,Michael Keane,11/01/1993,12,Stockport,England,53.4083,-2.1494
1247,Phil Foden,28/05/2000,45,Stockport,England,53.4083,-2.1494
1280,Kobbie Mainoo,19/04/2005,10,Stockport,England,53.4083,-2.1494
1290,Taylor Harwood-Bellis,30/01/2002,1,Stockport,England,53.4083,-2.1494
1029,Earl Barrett,28/04/1967,3,Rochdale,England,53.61,-2.16
918,Tony Towers,13/04/1952,3,Manchester,England,53.479,-2.2452
924,Joe Corrigan,18/11/1948,9,Manchester,England,53.479,-2.2452
934,Peter Barnes,10/06/1957,22,Manchester,England,53.479,-2.2452
1021,Lee Dixon,17/03/1964,22,Manchester,England,53.479,-2.2452
1025,Geoff Thomas,05/08/1964,9,Manchester,England,53.479,-2.2452
1034,Paul Stewart,07/10/1964,3,Manchester,England,53.479,-2.2452
1046,David Bardsley,11/09/1964,2,Manchester,England,53.479,-2.2452
1079,Andy Hinchcliffe,05/02/1969,7,Manchester,England,53.479,-2.2452
1174,Danny Welbeck,26/11/1990,42,Manchester,England,53.479,-2.2452
1214,Danny Drinkwater,05/03/1990,3,Manchester,England,53.479,-2.2452
1215,Marcus Rashford,31/10/1997,64,Manchester,England,53.479,-2.2452
1231,James Tarkowski,19/11/1992,2,Manchester,England,53.479,-2.2452
1276,Cole Palmer,06/05/2002,12,Manchester,England,53.479,-2.2452
1200,Jay Rodríguez,29/07/1989,1,Burnley,England,53.789,-2.248
1256,Harvey Barnes,09/12/1997,1,Burnley,England,53.789,-2.248
1082,Paul Scholes,16/11/1974,66,Salford,England,53.483,-2.2931
1156,Phil Jagielka,17/08/1982,40,Sale,England,53.424,-2.322
1244,Tyrone Mings,13/03/1993,18,Bath,England,51.38,-2.36
1045,David White,30/10/1967,1,Urmston,England,53.4487,-2.3747
928,Paul Mariner,22/05/1953,35,Farnworth,England,53.5452,-2.3999
1073,Jason Wilcox,15/07/1971,3,Farnworth,England,53.5452,-2.3999
1281,Adam Wharton,06/02/2004,1,Blackburn,England,53.748,-2.482
1217,Jesse  Lingard,15/12/1992,32,Warrington,England,53.39,-2.59
959,Gary Mabbutt,23/08/1961,16,Bristol,England,51.4536,-2.5975
1042,Keith Curle,14/11/1963,3,Bristol,England,51.4536,-2.5975
1183,Jack Butland,10/03/1993,9,Bristol,England,51.4536,-2.5975
1066,David Unsworth,16/10/1973,1,Chorley,England,53.653,-2.632
1120,James Beattie,27/02/1978,5,Lancaster,England,54.0489,-2.8014
990,Peter Reid,20/06/1956,13,Huyton,England,53.4111,-2.8403
1147,Joey Barton,02/09/1982,1,Huyton,England,53.4111,-2.8403
1148,David Nugent,02/05/1985,1,Huyton,England,53.4111,-2.8403
912,Phil Thompson,21/01/1954,42,Kirkby,England,53.48,-2.89
1086,Michael Owen,14/12/1979,89,Chester,England,53.19,-2.89
1113,Danny Murphy,18/03/1977,9,Chester,England,53.19,-2.89
1162,Leighton Baines,11/12/1984,29,Kirkby,England,53.48,-2.89
1192,Ryan Shawcross,04/10/1987,1,Chester,England,53.19,-2.89
1195,Rickie Lambert,16/02/1982,11,Kirkby,England,53.48,-2.89
1216,Tom Heaton,15/04/1986,3,Chester,England,53.19,-2.89
905,Kevin Beattie,18/12/1953,9,Carlisle,England,54.8947,-2.9364
1282,Jarrad Branthwaite,27/06/2002,1,Carlisle,England,54.8947,-2.9364
908,David Johnson,23/10/1951,8,Liverpool,England,53.407551,-2.990157
927,John Gidman,10/01/1954,1,Liverpool,England,53.407551,-2.990157
930,Terry McDermott,08/12/1951,25,Liverpool,England,53.407551,-2.990157
932,Steve Coppell,09/07/1955,42,Liverpool,England,53.407551,-2.990157
952,Peter Withe,30/08/1951,11,Liverpool,England,53.407551,-2.990157
961,Sammy Lee,07/02/1959,14,Liverpool,England,53.407551,-2.990157
982,Dave Watson,20/11/1961,12,Liverpool,England,53.407551,-2.990157
1104,Michael Ball,02/10/1979,1,Liverpool,England,53.407551,-2.990157
1124,Francis Jeffers,25/01/1981,1,Liverpool,England,53.407551,-2.990157
1125,Wayne Rooney,24/10/1985,120,Liverpool,England,53.407551,-2.990157
1196,Ross Barkley,05/12/1993,33,Liverpool,England,53.407551,-2.990157
1203,Jon Flanagan,01/01/1993,1,Liverpool,England,53.407551,-2.990157
1218,Aaron  Cresswell,15/12/1989,3,Liverpool,England,53.407551,-2.990157
1233,Trent Alexander-Arnold,07/10/1998,34,Liverpool,England,53.407551,-2.990157
1278,Anthony Gordon,24/02/2001,14,Liverpool,England,53.407551,-2.990157
1286,Curtis Jones,30/01/2001,6,Liverpool,England,53.407551,-2.990157
1092,Jamie Carragher,28/01/1978,38,Bootle,England,53.4457,-2.9891
1060,Steve McManaman,11/02/1972,37,Crosby,England,53.4872,-3.0343
1105,Gavin McCann,10/01/1978,1,Blackpool,England,53.8142,-3.0503
926,Trevor Francis,19/04/1954,52,Plymouth,England,50.3714,-4.1422
,,,,,,,
